{
  "Total" : {
    "transaction" : "Total",
    "sampleCount" : 1,
    "errorCount" : 0,
    "errorPct" : 0.0,
    "meanResTime" : 710.0,
    "medianResTime" : 710.0,
    "minResTime" : 710.0,
    "maxResTime" : 710.0,
    "pct1ResTime" : 710.0,
    "pct2ResTime" : 710.0,
    "pct3ResTime" : 710.0,
    "throughput" : 1.4084507042253522,
    "receivedKBytesPerSec" : 29.40003301056338,
    "sentKBytesPerSec" : 0.15955105633802819
  },
  "HTTP Request" : {
    "transaction" : "HTTP Request",
    "sampleCount" : 1,
    "errorCount" : 0,
    "errorPct" : 0.0,
    "meanResTime" : 710.0,
    "medianResTime" : 710.0,
    "minResTime" : 710.0,
    "maxResTime" : 710.0,
    "pct1ResTime" : 710.0,
    "pct2ResTime" : 710.0,
    "pct3ResTime" : 710.0,
    "throughput" : 1.4084507042253522,
    "receivedKBytesPerSec" : 29.40003301056338,
    "sentKBytesPerSec" : 0.15955105633802819
  }
}